user_name,company_name,phone_number
stellargazer,Stellar Solutions,6842057391
urbannomad,Urban Innovations,9738625401
whimsicalwanderer,WhimsyWorks,5082974612
techsavvysmith,TechForge,7261840359
velvetvoyager,Velvet Ventures,3951876240
quantumquirks,Quantum Creations,2196835074
midnightrambler,Midnight Industries,5409176283
dreamingdynamo,Dream Dynamics,7638502194
wanderlustwisp,Wanderlust Technologies,9351468027
pixelpioneer,Pixel Pioneers,1865709423
sereneseeker,Serene Systems,3027594816
cosmicexplorer,Cosmic Concepts,6418903572
rusticroamer,Stellar Solutions,9274365180
echoenigma,Echo Enterprises,8046123957
neonnebulae,Neon Nexus,5703918264
sapphirestrider,Sapphire Solutions,3825497016
phoenixphenom,Phoenix Innovations,6729138450
terratrekker,Terra Tech,5293471680
zenithzephyr,Zenith Enterprises,1958237064
digitaldaredevil,Digital Innovations,4860152973
serenitysailor,Serenity Solutions,2795816430
whisperingwanderer,Whispering Winds Corporation,6340217598
retrorover,Retro Innovate,7584903261
cybersafari,Cyber Solutions Inc.,9036728514
blissfulbiker,Blissful Business,4163509728
technotrailblazer,Techno Ventures,7458321069
mysticmarauder,Mystic Technologies,2107593846
velvetvagabond,Velvet Visions,5673921840
grittyglobetrotter,Gritty Industries,9341862570
etherealexplorer,Ethereal Enterprises,1862057394
electricemissary,Electric Endeavors,4027598316
cosmicchaser,Cosmic Creations,9416728503
echoexpedition,Echo Enterprises,5819376240
whimsicalwayfarer,Whimsical Works,6725490318
neonnomad,Neon Innovations,2398715064
urbanutopian,Urban Enterprises,8504927631
dreamingdrifter,DreamWorks,2158746309
rusticranger,Rustic Innovations,6397251480
digitaldiscoverer,Digital Solutions,4809162375
sapphiresailor,Sapphire Systems,3706921845
phoenixpathfinder,Phoenix Enterprises,8294576031
mysticmigrant,Terra Technologies,5167049328
cybercruiser,Mystic Solutions,3986715240
wanderlustwitch,Whispering Winds Enterprises,6203451897
electricexpedition,Retro Revolutions,1358924760
cybercyclist,Cyber Creations,8275014693
technotrekker,Techno Innovations,3902641785
wanderlustwayfarer,Wanderlust Enterprises,5709126834
lunarlistener,Gritty Ventures,9162584370
forestfarer,Ethereal Enterprises,6435982170
mistymariner,Electric Innovations,2185076943
tidechaser,Pixel Enterprises,7569214830
solarsailor,Midnight Industries,5012397684
drifterdreamer,Cosmic Creations,6278049135
shadowseeker,Terra Innovations,4396715820
leafloper,Echo Solutions,8602947513
dreamydusk,WhimsyWorks,1853679204
starlightstroller,Neon Innovations,2965148073
breezebounder,Urban Ventures,6439175820
cloudcruiser,Dream Dynamics,4706958123
wanderwood,Rustic Technologies,9203857164
emberexplorer,Digital Ventures,6519783042
moonlitmarauder,Sapphire Solutions,8036251947
frostyfreewheeler,Phoenix Innovations,9742635180
spiritstrider,Mystic Enterprises,5409817326
frostbittenfreewheeler,Whispering Winds Corporation,8293174560
emberwanderer,Retro Innovate,3124586970
stormysailor,Cyber Solutions Inc.,6492583701
horizonhaunter,Techno Ventures,8374501296
whisperingwillow,Wanderlust Technologies,9712658430
dunesdrifter,Gritty Industries,5823401967
riverroamer,Ethereal Enterprises,8765930214
thunderstrider,Electric Endeavors,7304692815
meadowmuser,Pixel Creations,2589471630
earthboundexplorer,Midnight Innovations,6243958701
aurorawanderer,Cosmic Concepts,4971865230
mythicmarauder,Terra Tech,1803549267
crystalcruiser,Echo Enterprises,3658420719
windwardwanderer,Whimsical Works,8916275034
echoemissary,Neon Nexus,7264809513
nightfallnavigator,Urban Enterprises,3157984206
luminouslooper,DreamWorks,6024387159
sunlitsojourner,Rustic Innovations,8742950316
basementdweller,Digital Solutions,9316275048
naruto,Konoha Inc,5127778888